epoch,time,train/box_loss,train/cls_loss,train/dfl_loss,metrics/precision(B),metrics/recall(B),metrics/mAP50(B),metrics/mAP50-95(B),val/box_loss,val/cls_loss,val/dfl_loss,lr/pg0,lr/pg1,lr/pg2
1,1331.53,0.95155,1.7103,1.39495,0.66591,0.51569,0.57908,0.35311,1.40982,2.14484,1.95449,0.000237817,0.000237817,0.000237817
2,2579.13,0.92344,1.23869,1.36236,0.79174,0.65736,0.77166,0.51558,1.16195,1.36145,1.58853,0.000358053,0.000358053,0.000358053
3,3822.84,0.84644,1.03957,1.3094,0.83643,0.75874,0.8376,0.578,1.1184,1.12225,1.53458,0.000360478,0.000360478,0.000360478
4,5064.92,0.75544,0.83168,1.24501,0.91201,0.82356,0.89958,0.67622,0.95083,0.85491,1.34213,0.000183855,0.000183855,0.000183855
